,file_name,a,a*,b,b*,sequence file name,10 step,20000 step,100000 step,temp,,
1,seqH-GA100000-0.50/final_20200905214924.p,ATACG,CGTAT,AGTCA,TGACT,seqH-GA100000-0.50_final_20200905214924.dat,,11:43:00-13:11,,knight2,docker image build . -t oxdna_ked_h1_200000   --no-cache,"nohup docker run -i -entrypoint --mount type=bind,source=$(pwd)/test_h1_200000_1/,target=/code/oxDNA/results oxdna_ked_h1_200000:latest &"
2,seqH-GA100000-0.50/final_20200905161447.p,CAGGT,ACCTG,TAAAA,TTTTA,seqH-GA100000-0.50_final_20200905161447.dat,,11:43:00-13:11,,knight3,docker image build . -t oxdna_ked_h2_200000   --no-cache,"nohup docker run -i -entrypoint --mount type=bind,source=$(pwd)/test_h2_200000_1/,target=/code/oxDNA/results oxdna_ked_h2_200000:latest &"
3,seqH-GA100000-0.50/final_20200905195857.p,GGGCA,TGCCC,GAAAA,TTTTC,seqH-GA100000-0.50_final_20200905195857.dat,,11:44:00-13:11,,knight4,docker image build . -t oxdna_ked_h3_200000   --no-cache,"nohup docker run -i -entrypoint --mount type=bind,source=$(pwd)/test_h3_200000_1/,target=/code/oxDNA/results oxdna_ked_h3_200000:latest &"
4,seqH-GA100000-0.50/final_20200905142535.p,CCGTT,AACGG,GGGCG,CGCCC,seqH-GA100000-0.50_final_20200905142535.dat,,13:19-18:11,,knight5,docker image build . -t oxdna_ked_h4_200000   --no-cache,"nohup docker run -i -entrypoint --mount type=bind,source=$(pwd)/test_h4_200000_1/,target=/code/oxDNA/results oxdna_ked_h4_200000:latest &"
5,seqH-GA100000-0.50/final_20200905175941.p,ATATC,GATAT,AGCCT,AGGCT,seqH-GA100000-0.50_final_20200905175941.dat,,11:51:00-13:11,,knight6,docker image build . -t oxdna_ked_h5_200000   --no-cache,"nohup docker run -i -entrypoint --mount type=bind,source=$(pwd)/test_h5_200000_1/,target=/code/oxDNA/results oxdna_ked_h5_200000:latest &"
6,seqH-random100000-0.50/final_20200904043104.p,GTACC,GGTAC,GGGCG,CGCCC,seqH-random100000-0.50_final_20200904043104.dat,,-13:23:00,,knight7,docker image build . -t oxdna_ked_h6_200000   --no-cache,"nohup docker run -i -entrypoint --mount type=bind,source=$(pwd)/test_h6_200000_1/,target=/code/oxDNA/results oxdna_ked_h6_200000:latest &"
7,seqH-random100000-0.50/final_20200904024147.p,GTTCG,CGAAC,GGCGG,CCGCC,seqH-random100000-0.50_final_20200904024147.dat,,11:52:00-13:24,,knight1,docker image build . -t oxdna_ked_h7_200000   --no-cache,"nohup docker run -i -entrypoint --mount type=bind,source=$(pwd)/test_h7_200000_1/,target=/code/oxDNA/results oxdna_ked_h7_200000:latest &"
8,seqH-random100000-0.50/final_20200904062005.p,TTGAG,CTCAA,TTCCT,AGGAA,seqH-random100000-0.50_final_20200904062005.dat,,11:52:00-13:24,,knight2,docker image build . -t oxdna_ked_h8_200000   --no-cache,"nohup docker run -i -entrypoint --mount type=bind,source=$(pwd)/test_h8_200000_1/,target=/code/oxDNA/results oxdna_ked_h8_200000:latest &"
9,seqH-random100000-0.50/final_20200904095738.p,TTAAG,CTTAA,TTGCT,AGCAA,seqH-random100000-0.50_final_20200904095738.dat,,11:53:00-13:24,,knight3,docker image build . -t oxdna_ked_h9_200000   --no-cache,"nohup docker run -i -entrypoint --mount type=bind,source=$(pwd)/test_h9_200000_1/,target=/code/oxDNA/results oxdna_ked_h9_200000:latest &"
10,seqH-random100000-0.50/final_20200904080857.p,GGTAC,GTACC,GGGCG,CGCCC,seqH-random100000-0.50_final_20200904080857.dat,,11:53:00-13:24,,knight4,docker image build . -t oxdna_ked_h10_200000   --no-cache,"nohup docker run -i -entrypoint --mount type=bind,source=$(pwd)/test_h10_200000_1/,target=/code/oxDNA/results oxdna_ked_h10_200000:latest &"