,file_name,a,a*,b,b*,sequence file name,現在,,error,10 step,200000 step,400000 step,,,
1,seqA-GA100000-0.80/final_20200904154835.p,GTTACTTGGA,TCCAAGTAAC,GGTTTTTTGC,GCAAAAAACC,seqA-GA100000-0.80_final_20200904154835.dat,localで実行中,2022/12/07 14:35-22:00,,/clusterhome/mhyakuzuka/oxdna_ked/seqA/A1/test_a1_10_4,knight1 11:40-16:05 /clusterhome/mhyakuzuka/oxdna_ked/seqA/A1/test_a1_200000_1,,,docker image build . -t oxdna_ked_a1_200000   --no-cache,"nohup docker run -i -entrypoint --mount type=bind,source=$(pwd)/test_a1_400000_2/,target=/code/oxDNA/results oxdna_ked_a1_200000:latest &"
2,seqA-GA100000-0.80/final_20200904131038.p,CAAATGGGAG,CTCCCATTTG,TCTTACCAGC,GCTGGTAAGA,seqA-GA100000-0.80_final_20200904131038.dat,knight1で docker build中,中止,,,knight2 16:14-20:03 /clusterhome/mhyakuzuka/oxdna_ked/seqA/A2/test_a2_200000_2,,,docker image build . -t oxdna_ked_a2_200000_3   --no-cache,"nohup docker run -i -entrypoint --mount type=bind,source=$(pwd)/test_a2_200000_3/,target=/code/oxDNA/results oxdna_ked_a2_200000_3:latest &"
3,seqA-GA100000-0.80/final_20200904210434.p,GCTCGTCGTG,CACGACGAGC,TTCTGACGAC,GTCGTCAGAA,seqA-GA100000-0.80_final_20200904210434.dat,,,,,knight3 11:50-16:05 /clusterhome/mhyakuzuka/oxdna_ked/seqA/A2/test_a2_200000_1,,,docker image build . -t oxdna_ked_a3_200000_2   --no-cache,"nohup docker run -i -entrypoint --mount type=bind,source=$(pwd)/test_a3_200000_2,target=/code/oxDNA/results oxdna_ked_a3_200000_2:latest &"
4,seqA-GA100000-0.80/final_20200904182642.p,CTACGGCAGA,TCTGCCGTAG,TGTGCTAAGC,GCTTAGCACA,seqA-GA100000-0.80_final_20200904182642.dat,knight4で docker build中,2022/12/09 18:10-,,,knight4 11:52-16:05 /clusterhome/mhyakuzuka/oxdna_ked/seqA/A4/test_a4_200000_1,,,docker image build . -t oxdna_ked_a4_200000_2   --no-cache,"nohup docker run -i -entrypoint --mount type=bind,source=$(pwd)/test_a4_200000_2,target=/code/oxDNA/results oxdna_ked_a4_200000_2:latest &"
5,seqA-GA100000-0.80/final_20200904233804.p,AACGCGCGTG,CACGCGCGTT,GACAACTGAA,TTCAGTTGTC,seqA-GA100000-0.80_final_20200904233804.dat,knight4で docker build中,中止,,,knight5 12:08-16:05 /clusterhome/mhyakuzuka/oxdna_ked/seqA/A5/test_a5_200000_1,,,docker image build . -t oxdna_ked_a5_200000_2   --no-cache,"nohup docker run -i -entrypoint --mount type=bind,source=$(pwd)/test_a5_200000_2,target=/code/oxDNA/results oxdna_ked_a5_200000_2:latest &"
6,seqA-random100000-0.80/final_20200904125819.p,GTCAGATGAC,GTCATCTGAC,AATTCGAATT,AATTCGAATT,seqA-random100000-0.80_final_20200904125819.dat,knight5で docker build中,中止,,,knight6 12:08-16:05 /clusterhome/mhyakuzuka/oxdna_ked/seqA/A6/test_a6_200000_1,,,docker image build . -t oxdna_ked_a6_200000_2   --no-cache,"nohup docker run -i -entrypoint --mount type=bind,source=$(pwd)/test_a6_200000_2,target=/code/oxDNA/results oxdna_ked_a6_200000_2:latest &"
7,seqA-random100000-0.80/final_20200904075059.p,CGCCGCCGCG,CGCGGCGGCG,CAATATTGAT,ATCAATATTG,seqA-random100000-0.80_final_20200904075059.dat,knight6で docker build中,中止,,,knight7 12:14-16:05 /clusterhome/mhyakuzuka/oxdna_ked/seqA/A7/test_a7_200000_1,,,docker image build . -t oxdna_ked_a7_200000_2   --no-cache,"nohup docker run -i -entrypoint --mount type=bind,source=$(pwd)/test_a7_200000_2,target=/code/oxDNA/results oxdna_ked_a7_200000_2:latest &"
8,seqA-random100000-0.80/final_20200904050205.p,CACGCGTGCG,CGCACGCGTG,TATACGTATA,TATACGTATA,seqA-random100000-0.80_final_20200904050205.dat,knight7で docker build中,中止,,,knight1 16:16-20:04 /clusterhome/mhyakuzuka/oxdna_ked/seqA/A8/test_a8_200000_1,,,docker image build . -t oxdna_ked_a8_200000_2   --no-cache,"nohup docker run -i -entrypoint --mount type=bind,source=$(pwd)/test_a8_200000_2,target=/code/oxDNA/results oxdna_ked_a8_200000_2:latest &"
9,seqA-random100000-0.80/final_20200904022205.p,TCCTTTAAGG,CCTTAAAGGA,ATCGGCGCCG,CGGCGCCGAT,seqA-random100000-0.80_final_20200904022205.dat,,,,,knight3  16:21-20:04 /clusterhome/mhyakuzuka/oxdna_ked/seqA/A9/test_a9_200000_1,,,docker image build . -t oxdna_ked_a9_200000_2   --no-cache,"nohup docker run -i -entrypoint --mount type=bind,source=$(pwd)/test_a9_200000_2,target=/code/oxDNA/results oxdna_ked_a9_200000_2:latest &"
10,seqA-random100000-0.80/final_20200904104014.p,GCGGCCGCGA,TCGCGGCCGC,GCATTAATGC,GCATTAATGC,seqA-random100000-0.80_final_20200904104014.dat,,,,,knight4  16:23-20:05 /clusterhome/mhyakuzuka/oxdna_ked/seqA/A10/test_a10_200000_1,,,docker image build . -t oxdna_ked_a10_200000_2   --no-cache,"nohup docker run -i -entrypoint --mount type=bind,source=$(pwd)/test_a10_200000_2,target=/code/oxDNA/results oxdna_ked_a10_200000_2:latest &"