,file_name,a,a*,b,b*,c,c*,d,d*,e,e*,f,f*,sequence file name,10 step,20000 step,100000 step,temp,,,
1,seqJ-GA100000-0.85/final_20200909122414.p,CTGCGAAACTAAAAGGG,CCCTTTTAGTTTCGCAG,CCTAAACAAACTCCCGC,GCGGGAGTTTGTTTAGG,CGCCTATTACGATCTAG,CTAGATCGTAATAGGCG,CCTGTGCAAGAGTAA,TTACTCTTGCACAGG,CAATACGCTCGTGCTGA,TCAGCACGAGCGTATTG,ACCCTAACCCATCGATA,TATCGATGGGTTAGGGT,seqJ-GA100000-0.85_final_20200909122414.dat,,12:17:00-18:08,,knight6,cd /clusterhome/mhyakuzuka/oxdna_ked/seqJ/J1,docker image build . -t oxdna_ked_j1_200000   --no-cache,"nohup docker run -i -entrypoint --mount type=bind,source=$(pwd)/test_j1_200000_3/,target=/code/oxDNA/results oxdna_ked_j1_200000:latest &"
2,seqJ-GA100000-0.85/final_20200911145432.p,TAAATACCTAGGATAGC,GCTATCCTAGGTATTTA,CCTGAATGGAACCAAGC,GCTTGGTTCCATTCAGG,GTACTAAGCATCCGTAG,CTACGGATGCTTAGTAC,CCGGACGCGACCGAC,GTCGGTCGCGTCCGG,GGGGCATCCGCAAACGC,GCGTTTGCGGATGCCCC,CCGATCAGCCGTGCGGC,GCCGCACGGCTGATCGG,seqJ-GA100000-0.85_final_20200911145432.dat,,12:17:00-18:08,,knight7,cd /clusterhome/mhyakuzuka/oxdna_ked/seqJ/J2,docker image build . -t oxdna_ked_j2_200000   --no-cache,"nohup docker run -i -entrypoint --mount type=bind,source=$(pwd)/test_j2_200000_3/,target=/code/oxDNA/results oxdna_ked_j2_200000:latest &"
3,seqJ-GA100000-0.85/final_20200910133915.p,CTGTTTAATTGTTGCTA,TAGCAACAATTAAACAG,CGGTTGCCACTGATTTA,TAAATCAGTGGCAACCG,CTATGCCCTGTAGGGCA,TGCCCTACAGGGCATAG,GTAGAGGGGATCCAA,TTGGATCCCCTCTAC,TTCTCTGTGTCCTGTTA,TAACAGGACACAGAGAA,GATAACTACCGGTACGT,ACGTACCGGTAGTTATC,seqJ-GA100000-0.85_final_20200910133915.dat,,12:17:00-18:08,,knight1,cd /clusterhome/mhyakuzuka/oxdna_ked/seqJ/J3,docker image build . -t oxdna_ked_j3_200000   --no-cache,"nohup docker run -i -entrypoint --mount type=bind,source=$(pwd)/test_j3_200000_3/,target=/code/oxDNA/results oxdna_ked_j3_200000:latest &"
4,seqJ-GA100000-0.85/final_20200906004854.p,GTACCCCTTTTCTGTTT,AAACAGAAAAGGGGTAC,CGGCGGCTTAAGACGTT,AACGTCTTAAGCCGCCG,TACGATTCGTAAAACGG,CCGTTTTACGAATCGTA,CGGCTGATAAGACTG,CAGTCTTATCAGCCG,TATCCGTCACCGGTGGC,GCCACCGGTGACGGATA,AAAACGGAATGGCTCTC,GAGAGCCATTCCGTTTT,seqJ-GA100000-0.85_final_20200906004854.dat,,12:18:00-18:08,,knight2,cd /clusterhome/mhyakuzuka/oxdna_ked/seqJ/J4,docker image build . -t oxdna_ked_j4_200000   --no-cache,"nohup docker run -i -entrypoint --mount type=bind,source=$(pwd)/test_j4_200000_2/,target=/code/oxDNA/results oxdna_ked_j4_200000:latest &"
5,seqJ-GA100000-0.85/final_20200908014722.p,CATTTGGTGAGCCTGCA,TGCAGGCTCACCAAATG,CGCACCGCGGTAGTACC,GGTACTACCGCGGTGCG,AGTGTCACCGCTTAATT,AATTAAGCGGTGACACT,CCACAAAAAGGATGT,ACATCCTTTTTGTGG,TGTGCGTGCGATAGATC,GATCTATCGCACGCACA,GTACCATGTGCTGTATA,TATACAGCACATGGTAC,seqJ-GA100000-0.85_final_20200908014722.dat,,12:18:00-18:08,,knight3,cd /clusterhome/mhyakuzuka/oxdna_ked/seqJ/J5,docker image build . -t oxdna_ked_j5_200000   --no-cache,"nohup docker run -i -entrypoint --mount type=bind,source=$(pwd)/test_j5_200000_3/,target=/code/oxDNA/results oxdna_ked_j5_200000:latest &"
6,seqJ-random100000-0.85/final_20200912004320.p,TTGGCTCTCCGTTCTGC,GCAGAACGGAGAGCCAA,CTGTTCAGCGGCTTGTC,GACAAGCCGCTGAACAG,TAGCGTTGCAAGCTGTC,GACAGCTTGCAACGCTA,CAGGAGTCCTCTAGC,GCTAGAGGACTCCTG,TATTCCAAGCCCACCAA,TTGGTGGGCTTGGAATA,CCGATATACCGTTTGCC,GGCAAACGGTATATCGG,seqJ-random100000-0.85_final_20200912004320.dat,,12:18:00-18:08,,knight4,cd /clusterhome/mhyakuzuka/oxdna_ked/seqJ/J6,docker image build . -t oxdna_ked_j6_200000   --no-cache,"nohup docker run -i -entrypoint --mount type=bind,source=$(pwd)/test_j6_200000_2/,target=/code/oxDNA/results oxdna_ked_j6_200000:latest &"
7,seqJ-random100000-0.85/final_20200910023415.p,AACGATGTGTATGTCCG,CGGACATACACATCGTT,AGGGGACATGCAAAACA,TGTTTTGCATGTCCCCT,CCACAGACGAGTTACCT,AGGTAACTCGTCTGTGG,CACTCAATCCTTTTG,CAAAAGGATTGAGTG,TCGCCATAGAGCAATAA,TTATTGCTCTATGGCGA,GACGGAGTTTACCGATT,AATCGGTAAACTCCGTC,seqJ-random100000-0.85_final_20200910023415.dat,,12:22:00-18:08,,knight5,cd /clusterhome/mhyakuzuka/oxdna_ked/seqJ/J7,docker image build . -t oxdna_ked_j7_200000   --no-cache,"nohup docker run -i -entrypoint --mount type=bind,source=$(pwd)/test_j7_200000_2/,target=/code/oxDNA/results oxdna_ked_j7_200000:latest &"
8,seqJ-random100000-0.85/final_20200925104856.p,TCGCGTCTTTGTATCGC,GCGATACAAAGACGCGA,TCGCAAAAGAAGTTTAT,ATAAACTTCTTTTGCGA,TTCGGGTCTCGATAAAC,GTTTATCGAGACCCGAA,CCGCTTTATACGCAT,ATGCGTATAAAGCGG,GGGCTCAGATGGTTAGG,CCTAACCATCTGAGCCC,CGCCAAAAATCGGTCAG,CTGACCGATTTTTGGCG,seqJ-random100000-0.85_final_20200925104856.dat,,12:22:00-18:08,,knight6,cd /clusterhome/mhyakuzuka/oxdna_ked/seqJ/J8,docker image build . -t oxdna_ked_j8_200000   --no-cache,"nohup docker run -i -entrypoint --mount type=bind,source=$(pwd)/test_j8_200000_2/,target=/code/oxDNA/results oxdna_ked_j8_200000:latest &"
9,seqJ-random100000-0.85/final_20200904085743.p,TGGAGGACGAAAGGGCC,GGCCCTTTCGTCCTCCA,ACGTAAGCGGCCTAGGA,TCCTAGGCCGCTTACGT,TCAAAGGTCAACGGGAT,ATCCCGTTGACCTTTGA,ACATTCTTTGGGTAA,TTACCCAAAGAATGT,TGGATCCTTTGCCAGAG,CTCTGGCAAAGGATCCA,CTTATCAAGGCGCCCGC,GCGGGCGCCTTGATAAG,seqJ-random100000-0.85_final_20200904085743.dat,,12:22:00-18:08,,knight7,cd /clusterhome/mhyakuzuka/oxdna_ked/seqJ/J9,docker image build . -t oxdna_ked_j9_200000   --no-cache,"nohup docker run -i -entrypoint --mount type=bind,source=$(pwd)/test_j9_200000_2/,target=/code/oxDNA/results oxdna_ked_j9_200000:latest &"
10,seqJ-random100000-0.85/final_20200924042417.p,TTTTACGAGCTAGCTGC,GCAGCTAGCTCGTAAAA,TGCGAGGCAACTACTGG,CCAGTAGTTGCCTCGCA,GAAACCGCCCTAACGGT,ACCGTTAGGGCGGTTTC,TTCCTCGCGCTAGGT,ACCTAGCGCGAGGAA,CTGCGAGTGTAGGGACC,GGTCCCTACACTCGCAG,CTCACAGGCAGGAACCG,CGGTTCCTGCCTGTGAG,seqJ-random100000-0.85_final_20200924042417.dat,,12:22:00-18:08,,knight1,cd /clusterhome/mhyakuzuka/oxdna_ked/seqJ/J10,docker image build . -t oxdna_ked_j10_200000   --no-cache,"nohup docker run -i -entrypoint --mount type=bind,source=$(pwd)/test_j10_200000_2/,target=/code/oxDNA/results oxdna_ked_j10_200000:latest &"
11,seqJ-random100000-0.85/final_20200920023448.p,TGGCGCCGAGCATGGTG,CACCATGCTCGGCGCCA,ATCACCTTTACGCTAAG,CTTAGCGTAAAGGTGAT,TCACTGAAGTTTCATGC,GCATGAAACTTCAGTGA,TAAGACCCGCGCCGT,ACGGCGCGGGTCTTA,CCTCCATTCGACGTAAC,GTTACGTCGAATGGAGG,GCAACAAAAGTTCAGGG,CCCTGAACTTTTGTTGC,seqJ-random100000-0.85_final_20200920023448.dat,,12:23:00-18:08,,knight2,cd /clusterhome/mhyakuzuka/oxdna_ked/seqJ/J11,docker image build . -t oxdna_ked_j11_200000   --no-cache,"nohup docker run -i -entrypoint --mount type=bind,source=$(pwd)/test_j11_200000_2/,target=/code/oxDNA/results oxdna_ked_j11_200000:latest &"
12,seqJ-random100000-0.85/final_20200921121944.p,CGAACCCAATAGAGGAC,GTCCTCTATTGGGTTCG,CGTGCAACTATGAGGGG,CCCCTCATAGTTGCACG,TAAGCTTGGAACAGAAG,CTTCTGTTCCAAGCTTA,GAAACCCCCGGCCAA,TTGGCCGGGGGTTTC,TCCCCGCGTGCAATGTT,AACATTGCACGCGGGGA,CTTTGAGTAGCTGGCTA,TAGCCAGCTACTCAAAG,seqJ-random100000-0.85_final_20200921121944.dat,,12:23:00-18:08,,knight3,cd /clusterhome/mhyakuzuka/oxdna_ked/seqJ/J12,docker image build . -t oxdna_ked_j12_200000   --no-cache,"nohup docker run -i -entrypoint --mount type=bind,source=$(pwd)/test_j12_200000_2/,target=/code/oxDNA/results oxdna_ked_j12_200000:latest &"
13,seqJ-random100000-0.85/final_20200908040645.p,TTTGCGTTTGAGAGGAC,GTCCTCTCAAACGCAAA,ACCGCTGATCATGTCCT,AGGACATGATCAGCGGT,CGGCCTAAAATTGTTCC,GGAACAATTTTAGGCCG,GAGGTTCGGCGCAAA,TTTGCGCCGAACCTC,CCCGATACGCGTCTAGT,ACTAGACGCGTATCGGG,TCGAGGGCTTTAGGTCT,AGACCTAAAGCCCTCGA,seqJ-random100000-0.85_final_20200908040645.dat,,12:23:00-18:08,,knight4,cd /clusterhome/mhyakuzuka/oxdna_ked/seqJ/J13,docker image build . -t oxdna_ked_j13_200000   --no-cache,"nohup docker run -i -entrypoint --mount type=bind,source=$(pwd)/test_j13_200000_2/,target=/code/oxDNA/results oxdna_ked_j13_200000:latest &"
14,seqJ-random100000-0.85/final_20200922184348.p,GGATGGCCATAGAGTAT,ATACTCTATGGCCATCC,TCCTGCCGCATTGAACA,TGTTCAATGCGGCAGGA,GGTGCATTCAGCTACAG,CTGTAGCTGAATGCACC,TAAGTCGTGAGGGTT,AACCCTCACGACTTA,CGCTTGGTTTAGGCGAG,CTCGCCTAAACCAAGCG,TCATGACCGCCATTGAG,CTCAATGGCGGTCATGA,seqJ-random100000-0.85_final_20200922184348.dat,,12:27:00-18:08,,knight5,cd /clusterhome/mhyakuzuka/oxdna_ked/seqJ/J14,docker image build . -t oxdna_ked_j14_200000   --no-cache,"nohup docker run -i -entrypoint --mount type=bind,source=$(pwd)/test_j14_200000_2/,target=/code/oxDNA/results oxdna_ked_j14_200000:latest &"
15,seqJ-random100000-0.85/final_20200906055420.p,TGTACCCCGCCTATTGT,ACAATAGGCGGGGTACA,TAGTTCGAGTGGAGTCG,CGACTCCACTCGAACTA,AAACGCAAAGTACATAC,GTATGTACTTTGCGTTT,GGTCTCACCATTCAT,ATGAATGGTGAGACC,CTTCCATCAATAAACAT,ATGTTTATTGATGGAAG,ATACTCGCAAGGACAAT,ATTGTCCTTGCGAGTAT,seqJ-random100000-0.85_final_20200906055420.dat,,12:27:00-18:08,,knight6,cd /clusterhome/mhyakuzuka/oxdna_ked/seqJ/J15,docker image build . -t oxdna_ked_j15_200000   --no-cache,"nohup docker run -i -entrypoint --mount type=bind,source=$(pwd)/test_j15_200000_2/,target=/code/oxDNA/results oxdna_ked_j15_200000:latest &"