,file_name,a,a*,b,b*,c,c*,d,d*,e,e*,f,f*,sequence file name,10 step,20000 step,100000 step,temp,,,
1,seqL-GA100000-0.85/final_20200913052105.p,CACGGCGGCGATTTTGC,GCAAAATCGCCGCCGTG,TCCTATGATACGTCCGA,TCGGACGTATCATAGGA,CCGGATATCAGAGGCCG,CGGCCTCTGATATCCGG,CAACGACCGAAGAGC,GCTCTTCGGTCGTTG,GGCAATTTACGGTCAAG,CTTGACCGTAAATTGCC,AAGATAACCGTTCTGTC,GACAGAACGGTTATCTT,seqL-GA100000-0.85_final_20200913052105.dat,,12:42:00-14:21,,knight1,cd /clusterhome/mhyakuzuka/oxdna_ked/seqL/L1,docker image build . -t oxdna_ked_l1_200000   --no-cache,"nohup docker run -i -entrypoint --mount type=bind,source=$(pwd)/test_l1_200000_2/,target=/code/oxDNA/results oxdna_ked_l1_200000:latest &"
2,seqL-GA100000-0.85/final_20200911063054.p,TCCCAAAGATACATGTG,CACATGTATCTTTGGGA,CTGATGAGAGCTCTATC,GATAGAGCTCTCATCAG,ATTGACGGGGTTCAAGG,CCTTGAACCCCGTCAAT,CCCCCCCCGCCTGGC,GCCAGGCGGGGGGGG,GCCGTGGCTACGATTTA,TAAATCGTAGCCACGGC,AGAACGACGTAGACTCC,GGAGTCTACGTCGTTCT,seqL-GA100000-0.85_final_20200911063054.dat,,12:42:00-18:04,,knight2,cd /clusterhome/mhyakuzuka/oxdna_ked/seqL/L2,docker image build . -t oxdna_ked_l2_200000   --no-cache,"nohup docker run -i -entrypoint --mount type=bind,source=$(pwd)/test_l2_200000_1/,target=/code/oxDNA/results oxdna_ked_l2_200000:latest &"
3,seqL-GA100000-0.85/final_20200913052335.p,GCTACCTGATTGATCAT,ATGATCAATCAGGTAGC,ACGCTTGGCCCAAGTTC,GAACTTGGGCCAAGCGT,CCCATCAAGCAATGGTT,AACCATTGCTTGATGGG,AGACGGTTCTCGGGG,CCCCGAGAACCGTCT,GCGAATCTAACGAGGCC,GGCCTCGTTAGATTCGC,ACCAAAATAACCACTGT,ACAGTGGTTATTTTGGT,seqL-GA100000-0.85_final_20200913052335.dat,,12:42:00-18:04,,knight3,cd /clusterhome/mhyakuzuka/oxdna_ked/seqL/L3,docker image build . -t oxdna_ked_l3_200000   --no-cache,"nohup docker run -i -entrypoint --mount type=bind,source=$(pwd)/test_l3_200000_1/,target=/code/oxDNA/results oxdna_ked_l3_200000:latest &"
4,seqL-GA100000-0.85/final_20200906130111.p,AGTGTGTGCGCGAGCTA,TAGCTCGCGCACACACT,GAATTCATAATGGGAGC,GCTCCCATTATGAATTC,TCTCCTACTGCAATTGC,GCAATTGCAGTAGGAGA,TCTCACGAAAAAGCG,CGCTTTTTCGTGAGA,AACGCGGTATACTTTTC,GAAAAGTATACCGCGTT,CGAGAACTGGCGTTTCC,GGAAACGCCAGTTCTCG,seqL-GA100000-0.85_final_20200906130111.dat,,12:42:00-18:04,,knight4,cd /clusterhome/mhyakuzuka/oxdna_ked/seqL/L4,docker image build . -t oxdna_ked_l4_200000   --no-cache,"nohup docker run -i -entrypoint --mount type=bind,source=$(pwd)/test_l4_200000_1/,target=/code/oxDNA/results oxdna_ked_l4_200000:latest &"
5,seqL-GA100000-0.85/final_20200908214543.p,TGATCATATTGTAAAGG,CCTTTACAATATGATCA,GCTGCCGGACAGGGAGA,TCTCCCTGTCCGGCAGC,ATGATCAACCCGGCTGA,TCAGCCGGGTTGATCAT,ACGTAACGATGTAGG,CCTACATCGTTACGT,TCGGTTATCGGTGCACC,GGTGCACCGATAACCGA,GATCCCGGGACAACCAG,CTGGTTGTCCCGGGATC,seqL-GA100000-0.85_final_20200908214543.dat,,12:52:00-14:20,,knight5,cd /clusterhome/mhyakuzuka/oxdna_ked/seqL/L5,docker image build . -t oxdna_ked_l5_200000   --no-cache,"nohup docker run -i -entrypoint --mount type=bind,source=$(pwd)/test_l5_200000_2/,target=/code/oxDNA/results oxdna_ked_l5_200000:latest &"
6,seqL-random100000-0.85/final_20200906060835.p,ATTGATGTTTAAAAGTC,GACTTTTAAACATCAAT,TTGCCTCCACGTGTTGT,ACAACACGTGGAGGCAA,ATGCAGCCATGCACCAC,GTGGTGCATGGCTGCAT,GGGTGGCGGATCCCG,CGGGATCCGCCACCC,TTGCACGGTAAAGGCTG,CAGCCTTTACCGTGCAA,TTAAAGTGAGCCAGTAT,ATACTGGCTCACTTTAA,seqL-random100000-0.85_final_20200906060835.dat,,12:52:00-14:20,,knight6,cd /clusterhome/mhyakuzuka/oxdna_ked/seqL/L6,docker image build . -t oxdna_ked_l6_200000   --no-cache,"nohup docker run -i -entrypoint --mount type=bind,source=$(pwd)/test_l6_200000_2/,target=/code/oxDNA/results oxdna_ked_l6_200000:latest &"
7,seqL-random100000-0.85/final_20200904131009.p,TTCCGGACAAAGAGCCT,AGGCTCTTTGTCCGGAA,ATAGTCGCCTAAGGCGC,GCGCCTTAGGCGACTAT,CACTCCAACTCATATTC,GAATATGAGTTGGAGTG,CCCCACCCTTGTCGC,GCGACAAGGGTGGGG,AGATGTACAGCTGCCCA,TGGGCAGCTGTACATCT,CTTCAAGGCGTATGATA,TATCATACGCCTTGAAG,seqL-random100000-0.85_final_20200904131009.dat,,12:52:00-14:20,,knight7,cd /clusterhome/mhyakuzuka/oxdna_ked/seqL/L7,docker image build . -t oxdna_ked_l7_200000   --no-cache,"nohup docker run -i -entrypoint --mount type=bind,source=$(pwd)/test_l7_200000_2/,target=/code/oxDNA/results oxdna_ked_l7_200000:latest &"
8,seqL-random100000-0.85/final_20200920023513.p,CAGATTCTCCCGTTTAA,TTAAACGGGAGAATCTG,CGTTCATGTGATTTTCG,CGAAAATCACATGAACG,ACGATGTTCGTGCGGTA,TACCGCACGAACATCGT,CCCCCCTATCTCGGC,GCCGAGATAGGGGGG,AGTCCGCTAATGCCGGC,GCCGGCATTAGCGGACT,GCGTCTTACAACTCAGT,ACTGAGTTGTAAGACGC,seqL-random100000-0.85_final_20200920023513.dat,,12:52:00-18:04,,knight1,cd /clusterhome/mhyakuzuka/oxdna_ked/seqL/L8,docker image build . -t oxdna_ked_l8_200000   --no-cache,"nohup docker run -i -entrypoint --mount type=bind,source=$(pwd)/test_l8_200000_1/,target=/code/oxDNA/results oxdna_ked_l8_200000:latest &"
9,seqL-random100000-0.85/final_20200909160533.p,AAACTGCTCCCGCGCTC,GAGCGCGGGAGCAGTTT,AGGGCAACGGGGGCTCT,AGAGCCCCCGTTGCCCT,CCCGGACAAAGCCCCAG,CTGGGGCTTTGTCCGGG,CCCCGAAGCGCGAGC,GCTCGCGCTTCGGGG,TCGAACATGGAAATCCA,TGGATTTCCATGTTCGA,AAAAGCTGTGAGGTACA,TGTACCTCACAGCTTTT,seqL-random100000-0.85_final_20200909160533.dat,,12:52:00-14:20,,knight2,cd /clusterhome/mhyakuzuka/oxdna_ked/seqL/L9,docker image build . -t oxdna_ked_l9_200000   --no-cache,"nohup docker run -i -entrypoint --mount type=bind,source=$(pwd)/test_l9_200000_2/,target=/code/oxDNA/results oxdna_ked_l9_200000:latest &"
10,seqL-random100000-0.85/final_20200923082005.p,CGGAGTACGTTCCCTCG,CGAGGGAACGTACTCCG,CGTCGTCGAGAAAAAGA,TCTTTTTCTCGACGACG,CCGAGTGTAAGATGAGA,TCTCATCTTACACTCGG,CCCCCCTTGCGCGGC,GCCGCGCAAGGGGGG,GTAACTAGGGACTACAC,GTGTAGTCCCTAGTTAC,GTTCCGGCTAGGAGGAT,ATCCTCCTAGCCGGAAC,seqL-random100000-0.85_final_20200923082005.dat,,12:52:00-14:20,,knight3,cd /clusterhome/mhyakuzuka/oxdna_ked/seqL/L10,docker image build . -t oxdna_ked_l10_200000   --no-cache,"nohup docker run -i -entrypoint --mount type=bind,source=$(pwd)/test_l10_200000_2/,target=/code/oxDNA/results oxdna_ked_l10_200000:latest &"
11,seqL-random100000-0.85/final_20200920220118.p,ACGGTCGAGGGGGCAAA,TTTGCCCCCTCGACCGT,CTCGTCGTCCAATTCGG,CCGAATTGGACGACGAG,ATGAGCCCGCCCTCTTA,TAAGAGGGCGGGCTCAT,CCATCAAACTCGGGC,GCCCGAGTTTGATGG,CCTATTACTGCCAATCG,CGATTGGCAGTAATAGG,ACTCGCACGATGCAGAT,ATCTGCATCGTGCGAGT,seqL-random100000-0.85_final_20200920220118.dat,,12:52:00-14:20,,knight4,cd /clusterhome/mhyakuzuka/oxdna_ked/seqL/L11,docker image build . -t oxdna_ked_l11_200000   --no-cache,"nohup docker run -i -entrypoint --mount type=bind,source=$(pwd)/test_l11_200000_1/,target=/code/oxDNA/results oxdna_ked_l11_200000:latest &"
12,seqL-random100000-0.85/final_20200921173107.p,GAACGTGATCATGTGGT,ACCACATGATCACGTTC,CCGTTTACTTAGCCGGA,TCCGGCTAAGTAAACGG,GCAGTGCTATGAAAGAC,GTCTTTCATAGCACTGC,CCCCCCCCTTCAGGC,GCCTGAAGGGGGGGG,AAAGCAAGCAGGCTGTG,CACAGCCTGCTTGCTTT,CCCACGGTAGTGTATAC,GTATACACTACCGTGGG,seqL-random100000-0.85_final_20200921173107.dat,,12:57:00-14:20,,knight5,cd /clusterhome/mhyakuzuka/oxdna_ked/seqL/L12,docker image build . -t oxdna_ked_l12_200000   --no-cache,"nohup docker run -i -entrypoint --mount type=bind,source=$(pwd)/test_l12_200000_2/,target=/code/oxDNA/results oxdna_ked_l12_200000:latest &"
13,seqL-random100000-0.85/final_20200907225810.p,TCCTAGACGTGATTAAC,GTTAATCACGTCTAGGA,CATGTAGTGATTAGCGT,ACGCTAATCACTACATG,CAACTCTCAGAAAAGAG,CTCTTTTCTGAGAGTTG,CCCCCGCGAGGGCGC,GCGCCCTCGCGGGGG,TAGCTTGGACAGCAAAC,GTTTGCTGTCCAAGCTA,CACGCAATTCAGGGGAG,CTCCCCTGAATTGCGTG,seqL-random100000-0.85_final_20200907225810.dat,,12:57:00-14:20,,knight6,cd /clusterhome/mhyakuzuka/oxdna_ked/seqL/L13,docker image build . -t oxdna_ked_l13_200000   --no-cache,"nohup docker run -i -entrypoint --mount type=bind,source=$(pwd)/test_l13_200000_1/,target=/code/oxDNA/results oxdna_ked_l13_200000:latest &"
14,seqL-random100000-0.85/final_20200911085411.p,TGGCGGCGGATGAAGTG,CACTTCATCCGCCGCCA,AGATTCAAGGTACAGAA,TTCTGTACCTTGAATCT,GGAAGAAAAGTCTCCGC,GCGGAGACTTTTCTTCC,CCCCAGCTCGTATCG,CGATACGAGCTGGGG,TTTAAAGATGTATCTCT,AGAGATACATCTTTAAA,AACCAACTTGGTGCGTT,AACGCACCAAGTTGGTT,seqL-random100000-0.85_final_20200911085411.dat,,12:57:00-14:20,,knight7,cd /clusterhome/mhyakuzuka/oxdna_ked/seqL/L14,docker image build . -t oxdna_ked_l14_200000   --no-cache,"nohup docker run -i -entrypoint --mount type=bind,source=$(pwd)/test_l14_200000_1/,target=/code/oxDNA/results oxdna_ked_l14_200000:latest &"
15,seqL-random100000-0.85/final_20200922125532.p,AATTGGTGATATCCGAT,ATCGGATATCACCAATT,AGCAAGTAGGGACCCGC,GCGGGTCCCTACTTGCT,GGCATAGCCAACAAGCT,AGCTTGTTGGCTATGCC,CCCCCAACGGTCTGC,GCAGACCGTTGGGGG,TCTTGTACAAGACGCAC,GTGCGTCTTGTACAAGA,GGTCGCTGGTACAAGAG,CTCTTGTACCAGCGACC,seqL-random100000-0.85_final_20200922125532.dat,,12:57:00-14:19,,knight1,cd /clusterhome/mhyakuzuka/oxdna_ked/seqL/L15,docker image build . -t oxdna_ked_l15_200000   --no-cache,"nohup docker run -i -entrypoint --mount type=bind,source=$(pwd)/test_l15_200000_2/,target=/code/oxDNA/results oxdna_ked_l15_200000:latest &"